{"schemaVersion":"1.0","appDefinitionTemplate":{"id":"/providers/Microsoft.PowerApps/apps/","type":"Microsoft.PowerApps/apps","tags":{"minimumRequiredApiVersion":"2.2.0"},"properties":{"appVersion":"2018-10-22T11:58:49Z","lifeCycleId":"Published","createdByClientVersion":{"major":3,"minor":18102,"build":20,"revision":0,"majorRevision":0,"minorRevision":0},"minClientVersion":{"major":3,"minor":18102,"build":20,"revision":0,"majorRevision":0,"minorRevision":0},"backgroundColor":"rgba(0, 176, 240, 1)","backgroundImageUri":"/6876479805792125732/N84f9d9d1-775c-4e6e-a813-1db645957722-logoSmallFile","displayName":"Contact Details","description":"","appUris":{"documentUri":{"value":"/6876479805792125732/Nf839c15f-6b16-4a04-9d47-929c6940ffe5-document.msapp","readonlyValue":"/6876479805792125732/Nf839c15f-6b16-4a04-9d47-929c6940ffe5-document.msapp"},"imageUris":[]},"createdTime":"0001-01-01T00:00:00Z","lastModifiedTime":"0001-01-01T00:00:00Z","sharedGroupsCount":0,"sharedUsersCount":0,"icons":{"smallIconUri":"/6876479805792125732/Ne67d338d-76cc-4309-8072-96fd6325abc9-small.png","mediumIconUri":"/6876479805792125732/N7c3609be-c15d-4a2c-8d2d-6c4aac368150-medium.png","largeIconUri":"/6876479805792125732/Nd2407daf-cfad-41e4-9123-54801da49f08-large.png","wideIconUri":"/6876479805792125732/Nc3813eb3-8bd1-4796-914d-9c07ac4168b8-wide.png"},"connectionReferences":{"8d84b5aa-9192-4036-af20-bfea405001ce":{"id":"66438a9e-eeaf-4e67-818b-74806779252a","displayName":"Excel","iconUri":"https://connectoricons-prod.azureedge.net/excel/icon_1.0.1018.1190.png","dataSources":["Contact_Form"],"dependencies":["7dabf99e-9294-49fb-b4e7-b51068209cc5"],"dependents":[],"parameterHints":{"7dabf99e-9294-49fb-b4e7-b51068209cc5":{"value":"fileSource"}},"isOnPremiseConnection":false,"bypassConsent":false,"dataSets":{"01MY74AVEZL2DBYOAVNRHJVTJVZYQE2SK2":{"dataSources":{"Contact_Form":{"tableName":"Contact_Form"}}}},"apiTier":"Standard"},"7dabf99e-9294-49fb-b4e7-b51068209cc5":{"id":"93adc0dd-f3e5-495c-bbc0-9f37b6fa0886","displayName":"OneDrive for Business","iconUri":"https://connectoricons-prod.azureedge.net/onedriveforbusiness/icon_1.0.1061.1268.png","dataSources":[],"dependencies":[],"dependents":["8d84b5aa-9192-4036-af20-bfea405001ce"],"parameterHints":{},"isOnPremiseConnection":false,"bypassConsent":false,"dataSets":{},"apiTier":"Standard"}},"almMode":"Environment"}}}